name,url,remote_testing,adaptive_irt,test_type,duration
Account Manager Solution,https://www.shl.com/solutions/products/product-catalog/view/account-manager-solution/,No,No,"C
P
A
B",Assessment length
Administrative Professional - Short Form,https://www.shl.com/solutions/products/product-catalog/view/administrative-professional-short-form/,No,No,"A
K
P",Assessment length
Agency Manager Solution,https://www.shl.com/solutions/products/product-catalog/view/agency-manager-solution/,No,No,"A
B
P
S",Assessment length
Apprentice + 8.0 Job Focused Assessment,https://www.shl.com/solutions/products/product-catalog/view/apprentice-8-0-job-focused-assessment-4261/,No,No,"B
P",Assessment length
Apprentice 8.0 Job Focused Assessment,https://www.shl.com/solutions/products/product-catalog/view/apprentice-8-0-job-focused-assessment/,No,No,"B
P",Assessment length
Bank Administrative Assistant - Short Form,https://www.shl.com/solutions/products/product-catalog/view/bank-administrative-assistant-short-form/,No,No,"A
B
K
P",Assessment length
Bank Collections Agent - Short Form,https://www.shl.com/solutions/products/product-catalog/view/bank-collections-agent-short-form/,No,No,"A
B
P",Assessment length
Bank Operations Supervisor - Short Form,https://www.shl.com/solutions/products/product-catalog/view/bank-operations-supervisor-short-form/,No,No,"A
B
P
S",Assessment length
Bilingual Spanish Reservation Agent Solution,https://www.shl.com/solutions/products/product-catalog/view/bilingual-spanish-reservation-agent-solution/,No,No,"B
P
S
A",Assessment length
"Bookkeeping, Accounting, Auditing Clerk Short Form",https://www.shl.com/solutions/products/product-catalog/view/bookkeeping-accounting-auditing-clerk-short-form/,No,No,"P
S
K
B
A",Assessment length
Branch Manager - Short Form,https://www.shl.com/solutions/products/product-catalog/view/branch-manager-short-form/,No,No,"A
B
P",Assessment length
Cashier Solution,https://www.shl.com/solutions/products/product-catalog/view/cashier-solution/,No,No,"B
A
P",Assessment length
Global Skills Development Report,https://www.shl.com/solutions/products/product-catalog/view/global-skills-development-report/,No,No,"A
E
B
C
D
P",
.NET Framework 4.5,https://www.shl.com/solutions/products/product-catalog/view/net-framework-4-5/,No,No,K,Assessment length
.NET MVC (New),https://www.shl.com/solutions/products/product-catalog/view/net-mvc-new/,No,No,K,Assessment length
.NET MVVM (New),https://www.shl.com/solutions/products/product-catalog/view/net-mvvm-new/,No,No,K,Assessment length
.NET WCF (New),https://www.shl.com/solutions/products/product-catalog/view/net-wcf-new/,No,No,K,Assessment length
.NET WPF (New),https://www.shl.com/solutions/products/product-catalog/view/net-wpf-new/,No,No,K,Assessment length
.NET XAML (New),https://www.shl.com/solutions/products/product-catalog/view/net-xaml-new/,No,No,K,Assessment length
Accounts Payable (New),https://www.shl.com/solutions/products/product-catalog/view/accounts-payable-new/,No,No,K,Assessment length
Accounts Payable Simulation (New),https://www.shl.com/solutions/products/product-catalog/view/accounts-payable-simulation-new/,No,No,S,Assessment length
Accounts Receivable (New),https://www.shl.com/solutions/products/product-catalog/view/accounts-receivable-new/,No,No,K,Assessment length
Accounts Receivable Simulation (New),https://www.shl.com/solutions/products/product-catalog/view/accounts-receivable-simulation-new/,No,No,S,Assessment length
ADO.NET (New),https://www.shl.com/solutions/products/product-catalog/view/ado-net-new/,No,No,K,Assessment length
Claims/Operations Supervisor Solution,https://www.shl.com/solutions/products/product-catalog/view/claimsoperations-supervisor-solution/,No,No,"P
S
A
B",Assessment length
Contact Center Customer Service + 8.0,https://www.shl.com/solutions/products/product-catalog/view/contact-center-customer-service-8-0/,No,No,"A
B
C
P
S",Assessment length
Contact Center Customer Service 8.0,https://www.shl.com/solutions/products/product-catalog/view/contact-center-customer-service-8-0-4269/,No,No,"S
B
C
P",Assessment length
Contact Center Manager - Short Form,https://www.shl.com/solutions/products/product-catalog/view/contact-center-manager-short-form/,No,No,"A
B
P
S",Assessment length
Contact Center Sales & Service + 8.0,https://www.shl.com/solutions/products/product-catalog/view/contact-center-sales-and-service-8-0/,No,No,"P
B
C
A
S",Assessment length
Contact Center Sales & Service 8.0,https://www.shl.com/solutions/products/product-catalog/view/contact-center-sales-and-service-8-0-4268/,No,No,"S
B
C
P",Assessment length
Contact Center Team Lead/Coach - Short Form,https://www.shl.com/solutions/products/product-catalog/view/contact-center-team-leadcoach-short-form/,No,No,"A
B
P
S",Assessment length
Contact Centre Agent Solution - UK,https://www.shl.com/solutions/products/product-catalog/view/contact-centre-agent-solution-uk/,No,No,"A
B
P
S",Assessment length
Customer Service - Short Form,https://www.shl.com/solutions/products/product-catalog/view/customer-service-short-form/,No,No,"A
B
P",Assessment length
Customer Service - Short Form - UK,https://www.shl.com/solutions/products/product-catalog/view/customer-service-short-form-uk/,No,No,"A
B
P",Assessment length
Customer Service with Sales - Short Form,https://www.shl.com/solutions/products/product-catalog/view/customer-service-with-sales-short-form/,No,No,"A
B
P",Assessment length
Director - Short Form,https://www.shl.com/solutions/products/product-catalog/view/director-short-form/,No,No,"A
B
P",Assessment length
District/Regional Manager Solution,https://www.shl.com/solutions/products/product-catalog/view/districtregional-manager-solution/,No,No,"A
B
P",Assessment length
Entry Level Cashier 7.1 (Americas),https://www.shl.com/solutions/products/product-catalog/view/entry-level-cashier-7-1-%28americas%29/,No,No,"B
P
A",Assessment length
Entry Level Cashier 7.1 (International),https://www.shl.com/solutions/products/product-catalog/view/entry-level-cashier-7-1-%28international%29/,No,No,"A
B
P",Assessment length
Entry Level Customer Service 7.1 (Americas),https://www.shl.com/solutions/products/product-catalog/view/entry-level-customer-service-7-1-%28americas%29/,No,No,"C
P",Assessment length
Entry Level Customer Service 7.1 (International),https://www.shl.com/solutions/products/product-catalog/view/entry-level-customer-service-%28retail-and-cc%29-7-1/,No,No,"C
P",Assessment length
Entry Level Customer Service 7.1 (South Africa),https://www.shl.com/solutions/products/product-catalog/view/entry-level-customer-service-7-1-%28south-africa%29/,No,No,"C
P",Assessment length
Entry level Sales 7.1 (Americas),https://www.shl.com/solutions/products/product-catalog/view/entry-level-sales-7-1-%28americas%29/,No,No,"B
C
P",Assessment length
Entry level Sales 7.1 (International),https://www.shl.com/solutions/products/product-catalog/view/entry-level-sales-7-1/,No,No,"P
B
C",Assessment length
Entry Level Sales Sift Out 7.1,https://www.shl.com/solutions/products/product-catalog/view/entry-level-sales-sift-out-7-1/,No,No,"C
P
B",Assessment length
Event Sales Manager Solution,https://www.shl.com/solutions/products/product-catalog/view/event-sales-manager-solution/,No,No,"S
A
B
P",Assessment length
Executive - Short Form,https://www.shl.com/solutions/products/product-catalog/view/executive-short-form/,No,No,"A
B
P",Assessment length
Financial Professional - Short Form,https://www.shl.com/solutions/products/product-catalog/view/financial-professional-short-form/,No,No,"A
B
P",Assessment length
Financial Services Representative Solution,https://www.shl.com/solutions/products/product-catalog/view/financial-services-representative-solution/,No,No,"A
B
P",Assessment length
Front Desk Associate Solution,https://www.shl.com/solutions/products/product-catalog/view/front-desk-associate-solution/,No,No,"A
B
P",Assessment length
Gaming Associate Solution,https://www.shl.com/solutions/products/product-catalog/view/gaming-associate-solution/,No,No,"A
B
P
S",Assessment length
Gaming Manager Solution,https://www.shl.com/solutions/products/product-catalog/view/gaming-manager-solution/,No,No,"S
A
B
K
P",Assessment length
General Entry Level - All Industries 7.0 Solution,https://www.shl.com/solutions/products/product-catalog/view/general-entry-level-all-industries-7-0-solution/,No,No,B,Assessment length
General Entry Level - All Industries 7.1 Solution,https://www.shl.com/solutions/products/product-catalog/view/general-entry-level-all-industries-7-1-solution/,No,No,B,Assessment length
General Entry Level - All Industries 7.1(Americas),https://www.shl.com/solutions/products/product-catalog/view/general-entry-level-all-industries-7-1%28americas%29/,No,No,B,Assessment length
General Entry Level – Data Entry 7.0 Solution,https://www.shl.com/solutions/products/product-catalog/view/general-entry-level-data-entry-7-0-solution/,No,No,"B
K",Assessment length
Graduate + 8.0 Job Focused Assessment,https://www.shl.com/solutions/products/product-catalog/view/graduate-8-0-job-focused-assessment/,No,No,"A
B
P",Assessment length
Graduate 7.1 Job Focused Assessment,https://www.shl.com/solutions/products/product-catalog/view/graduate-7-1-job-focused-assessment/,No,No,"B
C",Assessment length
Graduate 8.0 Job Focused Assessment,https://www.shl.com/solutions/products/product-catalog/view/graduate-8-0-job-focused-assessment-4228/,No,No,"P
B",Assessment length
Guest Service Team 7.0 Solution,https://www.shl.com/solutions/products/product-catalog/view/guest-service-team-7-0-solution/,No,No,B,Assessment length
Guest Services Associate Solution,https://www.shl.com/solutions/products/product-catalog/view/guest-services-associate-solution/,No,No,"A
B
P
S",Assessment length
Healthcare Aide 7.0 Solution,https://www.shl.com/solutions/products/product-catalog/view/healthcare-aide-7-0-solution/,No,No,B,Assessment length
Healthcare Call Center Agent Solution,https://www.shl.com/solutions/products/product-catalog/view/healthcare-call-center-agent-solution/,No,No,"A
B
P
S",Assessment length
Healthcare Service Associate Solution,https://www.shl.com/solutions/products/product-catalog/view/healthcare-service-associate-solution/,No,No,"A
B
P",Assessment length
Healthcare Support Specialist Solution,https://www.shl.com/solutions/products/product-catalog/view/healthcare-support-specialist-solution/,No,No,"A
B
P",Assessment length
Home Health Aide Solution,https://www.shl.com/solutions/products/product-catalog/view/home-health-aide-solution/,No,No,"A
B
P",Assessment length
Hospitality Manager Solution,https://www.shl.com/solutions/products/product-catalog/view/hospitality-manager-solution/,No,No,"A
B
K
P",Assessment length
Host Solution,https://www.shl.com/solutions/products/product-catalog/view/host-solution/,No,No,"B
P",Assessment length
Industrial - Entry Level 7.0 Solution,https://www.shl.com/solutions/products/product-catalog/view/industrial-entry-level-7-0-solution/,No,No,B,Assessment length
Industrial - Entry Level 7.1 (Americas),https://www.shl.com/solutions/products/product-catalog/view/industrial-entry-level-7-1-%28americas%29/,No,No,B,Assessment length
Industrial - Entry Level 7.1 (International),https://www.shl.com/solutions/products/product-catalog/view/industrial-entry-level-7-1-%28international%29/,No,No,B,Assessment length
Industrial - Professional and Skilled 7.0 Solution,https://www.shl.com/solutions/products/product-catalog/view/industrial-professional-and-skilled-7-0-solution/,No,No,"A
B",Assessment length
Industrial - Semi-skilled 7.1 (Americas),https://www.shl.com/solutions/products/product-catalog/view/industrial-semi-skilled-7-1-%28americas%29/,No,No,B,Assessment length
Industrial - Semi-skilled 7.1 (International),https://www.shl.com/solutions/products/product-catalog/view/industrial-semi-skilled-7-1-%28international%29/,No,No,B,Assessment length
Industrial Professional and Skilled 7.1 (Americas),https://www.shl.com/solutions/products/product-catalog/view/industrial-professional-and-skilled-7-1-%28americas%29/,No,No,"A
B",Assessment length
Industrial Professional and Skilled 7.1 Solution,https://www.shl.com/solutions/products/product-catalog/view/industrial-professional-and-skilled-7-1-solution/,No,No,"A
B",Assessment length
Installation and Repair Technician Solution,https://www.shl.com/solutions/products/product-catalog/view/installation-and-repair-technician-solution/,No,No,"A
B
P
S",Assessment length
Insurance Account Manager Solution,https://www.shl.com/solutions/products/product-catalog/view/insurance-account-manager-solution/,No,No,"A
B
P
S",Assessment length
Insurance Administrative Assistant Solution,https://www.shl.com/solutions/products/product-catalog/view/insurance-administrative-assistant-solution/,No,No,"A
B
P
S",Assessment length
Insurance Agent Solution,https://www.shl.com/solutions/products/product-catalog/view/insurance-agent-solution/,No,No,"A
B
P",Assessment length
Insurance Director Solution,https://www.shl.com/solutions/products/product-catalog/view/insurance-director-solution/,No,No,"A
B
P",Assessment length
Insurance Sales Manager Solution,https://www.shl.com/solutions/products/product-catalog/view/insurance-sales-manager-solution/,No,No,"A
B
P
S",Assessment length
Manager - Short Form,https://www.shl.com/solutions/products/product-catalog/view/manager-short-form/,No,No,"A
B
K
P
S",Assessment length
Manager + 7.0 Solution,https://www.shl.com/solutions/products/product-catalog/view/manager-7-0-solution-3955/,No,No,"A
B
C",Assessment length
Manager + 7.1 (Americas),https://www.shl.com/solutions/products/product-catalog/view/manager-7-1-solution-4242/,No,No,"B
C
P",Assessment length
Manager + 7.1 (International),https://www.shl.com/solutions/products/product-catalog/view/manager-7-1-%28international%29/,No,No,"B
C
P",Assessment length
Manager 7.0 Solution,https://www.shl.com/solutions/products/product-catalog/view/manager-7-0-solution/,No,No,"B
C",Assessment length
Manager 7.1 (Americas),https://www.shl.com/solutions/products/product-catalog/view/manager-7-1-%28americas%29/,No,No,"B
C
P",Assessment length
Manager 7.1 (International),https://www.shl.com/solutions/products/product-catalog/view/manager-7-1-solution/,No,No,"B
C
P",Assessment length
Manager 8.0 JFA,https://www.shl.com/solutions/products/product-catalog/view/manager-8-0-jfa/,No,No,"B
K
P",Assessment length
Manager 8.0+ JFA,https://www.shl.com/solutions/products/product-catalog/view/manager-8-0-jfa-4310/,No,No,"B
K
P",Assessment length
Manufacturing Production Team Member,https://www.shl.com/solutions/products/product-catalog/view/manufacturing-production-team-member/,No,No,"A
B",Assessment length
Manufacturing Skilled Maintenance Worker,https://www.shl.com/solutions/products/product-catalog/view/manufacturing-skilled-maintenance-worker/,No,No,"A
B",Assessment length
Network Engineer/Analyst Solution,https://www.shl.com/solutions/products/product-catalog/view/network-engineeranalyst-solution/,No,No,"P
S
K
B
A",Assessment length
Nurse Leader Solution,https://www.shl.com/solutions/products/product-catalog/view/nurse-leader-solution/,No,No,"S
A
B
P",Assessment length
Nurse Solution,https://www.shl.com/solutions/products/product-catalog/view/nurse-solution/,No,No,"P
A
B",Assessment length
Nursing Assistant Solution,https://www.shl.com/solutions/products/product-catalog/view/nursing-assistant-solution/,No,No,"A
B
P",Assessment length
Personal Banker - Short Form,https://www.shl.com/solutions/products/product-catalog/view/personal-banker-short-form/,No,No,"A
B
K
P
S",Assessment length
Phone Banker - Short Form,https://www.shl.com/solutions/products/product-catalog/view/phone-banker-short-form/,No,No,"A
B
P",Assessment length
Prep/Line Cook Solution,https://www.shl.com/solutions/products/product-catalog/view/prepline-cook-solution/,No,No,"A
B
P",Assessment length
Professional + 7.0 Solution,https://www.shl.com/solutions/products/product-catalog/view/professional-7-0-solution-3958/,No,No,"A
B
C",Assessment length
Professional + 7.1 (Americas),https://www.shl.com/solutions/products/product-catalog/view/professional-7-1-%28americas%29/,No,No,"B
C
P",Assessment length
Professional + 7.1 (International),https://www.shl.com/solutions/products/product-catalog/view/professional-7-1-solution/,No,No,"B
C
P",Assessment length
Professional 7.0 Solution,https://www.shl.com/solutions/products/product-catalog/view/professional-7-0-solution/,No,No,"B
C",Assessment length
Professional 7.1 (International),https://www.shl.com/solutions/products/product-catalog/view/professional-7-1-solution-4247/,No,No,"C
B",Assessment length
Professional 8.0 JFA,https://www.shl.com/solutions/products/product-catalog/view/professional-8-0-jfa/,No,No,"B
K
P",Assessment length
Professional/Individual Contributor - Short Form,https://www.shl.com/solutions/products/product-catalog/view/professionalindividual-contributor-short-form/,No,No,"A
B
P
S",Assessment length
Project Manager - Short Form,https://www.shl.com/solutions/products/product-catalog/view/project-manager-short-form/,No,No,"A
B
P
S",Assessment length
Proof Operator - Processing Specialist -Short Form,https://www.shl.com/solutions/products/product-catalog/view/proof-operator-processing-specialist-short-form/,No,No,S,Assessment length
Reservation Agent Solution,https://www.shl.com/solutions/products/product-catalog/view/reservation-agent-solution/,No,No,"A
P
S
B",Assessment length
Restaurant Manager Solution,https://www.shl.com/solutions/products/product-catalog/view/restaurant-manager-solution/,No,No,"A
B
P
S",Assessment length
Restaurant Supervisor Solution,https://www.shl.com/solutions/products/product-catalog/view/restaurant-supervisor-solution/,No,No,"A
B
P",Assessment length
Retail Consultant Solution,https://www.shl.com/solutions/products/product-catalog/view/retail-consultant-solution/,No,No,"A
B
P",Assessment length
Retail Manager w/ Sales Solution,https://www.shl.com/solutions/products/product-catalog/view/retail-manager-w-sales-solution/,No,No,"A
B
P",Assessment length
Retail Sales Associate Solution,https://www.shl.com/solutions/products/product-catalog/view/retail-sales-associate-solution/,No,No,"A
B
P",Assessment length
Sales Director Solution,https://www.shl.com/solutions/products/product-catalog/view/sales-director-solution/,No,No,"A
B
P",Assessment length
Sales Engineer Solution,https://www.shl.com/solutions/products/product-catalog/view/sales-engineer-solution/,No,No,"A
B
K
P
S",Assessment length
Sales Manager Solution,https://www.shl.com/solutions/products/product-catalog/view/sales-manager-solution/,No,No,"A
B
P",Assessment length
Sales Professional 7.0 Solution,https://www.shl.com/solutions/products/product-catalog/view/sales-professional-7-0-solution/,No,No,"C
B",Assessment length
Sales Professional 7.1 (Americas),https://www.shl.com/solutions/products/product-catalog/view/sales-professional-7-1-%28americas%29/,No,No,"B
C",Assessment length
Sales Professional Solution,https://www.shl.com/solutions/products/product-catalog/view/sales-professional-solution/,No,No,"A
B
P",Assessment length
Sales Representative Solution,https://www.shl.com/solutions/products/product-catalog/view/sales-representative-solution/,No,No,"A
B
P",Assessment length
Sales Supervisor Solution,https://www.shl.com/solutions/products/product-catalog/view/sales-supervisor-solution/,No,No,"A
B
P",Assessment length
Sales Support Specialist Solution,https://www.shl.com/solutions/products/product-catalog/view/sales-support-specialist-solution/,No,No,"A
B
P",Assessment length
Senior Insurance Agent Solution,https://www.shl.com/solutions/products/product-catalog/view/senior-insurance-agent-solution/,No,No,"A
B
P",Assessment length
Senior Sales Professional Solution,https://www.shl.com/solutions/products/product-catalog/view/senior-sales-professional-solution/,No,No,"A
B
P",Assessment length
Server Solution,https://www.shl.com/solutions/products/product-catalog/view/server-solution/,No,No,"B
A
P",Assessment length
Service Associate Solution,https://www.shl.com/solutions/products/product-catalog/view/service-associate-solution/,No,No,"A
B
P",Assessment length
Service Supervisor Solution,https://www.shl.com/solutions/products/product-catalog/view/service-supervisor-solution/,No,No,"A
B
P",Assessment length
Stock Clerk Solution,https://www.shl.com/solutions/products/product-catalog/view/stock-clerk-solution/,No,No,"A
B
P",Assessment length
Store Manager 7.0 Solution,https://www.shl.com/solutions/products/product-catalog/view/store-manager-7-0-solution/,No,No,"B
C",Assessment length
Store Manager 7.1 (Americas),https://www.shl.com/solutions/products/product-catalog/view/store-manager-7-1-%28americas%29/,No,No,"B
C",Assessment length
Store Manager 7.1 (International),https://www.shl.com/solutions/products/product-catalog/view/store-manager-7-1-%28international%29/,No,No,"C
B",Assessment length
Store Manager Solution,https://www.shl.com/solutions/products/product-catalog/view/store-manager-solution/,No,No,"A
B
P",Assessment length
Supervisor - Short Form,https://www.shl.com/solutions/products/product-catalog/view/supervisor-short-form/,No,No,S,Assessment length
Supervisor 7.0 Solution,https://www.shl.com/solutions/products/product-catalog/view/supervisor-7-0-solution/,No,No,"B
C",Assessment length
Supervisor 7.1 (Americas),https://www.shl.com/solutions/products/product-catalog/view/supervisor-7-1-%28americas%29/,No,No,"B
C
P",Assessment length
Supervisor 7.1 (International),https://www.shl.com/solutions/products/product-catalog/view/supervisor-7-1-%28international%29/,No,No,"P
C
B",Assessment length
Support Associate Solution,https://www.shl.com/solutions/products/product-catalog/view/support-associate-solution/,No,No,"A
B
P",Assessment length
Support Supervisor Solution,https://www.shl.com/solutions/products/product-catalog/view/support-supervisor-solution/,No,No,"A
P
S
B",Assessment length
Technical Sales Associate Solution,https://www.shl.com/solutions/products/product-catalog/view/technical-sales-associate-solution/,No,No,"A
B
P",Assessment length
Technician/Technologist Solution,https://www.shl.com/solutions/products/product-catalog/view/techniciantechnologist-solution/,No,No,"A
B
P",Assessment length
Technology Professional 8.0 Job Focused Assessment,https://www.shl.com/solutions/products/product-catalog/view/technology-professional-8-0-job-focused-assessment/,No,No,"C
P",Assessment length
Telenurse Solution,https://www.shl.com/solutions/products/product-catalog/view/telenurse-solution/,No,No,"A
B
P",Assessment length
Teller 7.0,https://www.shl.com/solutions/products/product-catalog/view/teller-7-0/,No,No,"B
K
P
S",Assessment length
Teller with Sales - Short Form,https://www.shl.com/solutions/products/product-catalog/view/teller-with-sales-short-form/,No,No,"A
B
K
P
S",Assessment length
Transcriptionist Solution,https://www.shl.com/solutions/products/product-catalog/view/transcriptionist-solution/,No,No,"A
B
K
P",Assessment length
Workplace Safety - Individual 7.0 Solution,https://www.shl.com/solutions/products/product-catalog/view/workplace-safety-individual-7-0-solution/,No,No,B,Assessment length
Workplace Safety - Individual 7.1 (Americas),https://www.shl.com/solutions/products/product-catalog/view/workplace-safety-individual-7-1-solution/,No,No,B,Assessment length
Workplace Safety - Team 7.0 Solution,https://www.shl.com/solutions/products/product-catalog/view/workplace-safety-team-7-0-solution/,No,No,B,Assessment length
Workplace Safety - Team 7.1 (Americas),https://www.shl.com/solutions/products/product-catalog/view/workplace-safety-team-7-1-%28americas%29/,No,No,"B
C
P",Assessment length
Workplace Safety - Team 7.1 (International),https://www.shl.com/solutions/products/product-catalog/view/workplace-safety-team-7-1-solution/,No,No,"B
C
P",Assessment length
Workplace Safety Solution,https://www.shl.com/solutions/products/product-catalog/view/workplace-safety-solution/,No,No,"B
P",Assessment length
Adobe Experience Manager (New),https://www.shl.com/solutions/products/product-catalog/view/adobe-experience-manager-new/,No,No,K,Assessment length
Adobe Photoshop CC,https://www.shl.com/solutions/products/product-catalog/view/adobe-photoshop-cc/,No,No,K,Assessment length
Aeronautical Engineering (New),https://www.shl.com/solutions/products/product-catalog/view/aeronautical-engineering-new/,No,No,K,Assessment length
Aerospace Engineering (New),https://www.shl.com/solutions/products/product-catalog/view/aerospace-engineering-new/,No,No,K,Assessment length
Agile Software Development,https://www.shl.com/solutions/products/product-catalog/view/agile-software-development/,No,No,K,Assessment length
Agile Testing (New),https://www.shl.com/solutions/products/product-catalog/view/agile-testing-new/,No,No,K,Assessment length
AI Skills,https://www.shl.com/solutions/products/product-catalog/view/ai-skills/,No,No,P,Assessment length
Amazon Web Services (AWS) Development (New),https://www.shl.com/solutions/products/product-catalog/view/amazon-web-services-aws-development-new/,No,No,K,Assessment length
Android Development (New),https://www.shl.com/solutions/products/product-catalog/view/android-development-new/,No,No,K,Assessment length
Angular 6 (New),https://www.shl.com/solutions/products/product-catalog/view/angular-6-new/,No,No,K,Assessment length
AngularJS (New),https://www.shl.com/solutions/products/product-catalog/view/angularjs-new/,No,No,K,Assessment length
Apache Hadoop (New),https://www.shl.com/solutions/products/product-catalog/view/apache-hadoop-new/,No,No,K,Assessment length
Apache Hadoop Extensions (New),https://www.shl.com/solutions/products/product-catalog/view/apache-hadoop-extensions-new/,No,No,K,Assessment length
Apache HBase (New),https://www.shl.com/solutions/products/product-catalog/view/apache-hbase-new/,No,No,K,Assessment length
Apache Hive (New),https://www.shl.com/solutions/products/product-catalog/view/apache-hive-new/,No,No,K,Assessment length
Apache Kafka (New),https://www.shl.com/solutions/products/product-catalog/view/apache-kafka-new/,No,No,K,Assessment length
Apache Pig (New),https://www.shl.com/solutions/products/product-catalog/view/apache-pig-new/,No,No,K,Assessment length
Apache Spark (New),https://www.shl.com/solutions/products/product-catalog/view/apache-spark-new/,No,No,K,Assessment length
ASP .NET with C# (New),https://www.shl.com/solutions/products/product-catalog/view/asp-net-with-c-new/,No,No,K,Assessment length
ASP.NET 4.5,https://www.shl.com/solutions/products/product-catalog/view/asp-net-4-5/,No,No,K,Assessment length
Assessment and Development Center Exercises,https://www.shl.com/solutions/products/product-catalog/view/assessment-and-development-center-exercises/,No,No,E,Assessment length
Automata - Fix (New),https://www.shl.com/solutions/products/product-catalog/view/automata-fix-new/,No,No,S,Assessment length
Automata - SQL (New),https://www.shl.com/solutions/products/product-catalog/view/automata-sql-new/,No,No,S,Assessment length
Automata (New),https://www.shl.com/solutions/products/product-catalog/view/automata-new/,No,No,S,Assessment length
Automata Data Science (New),https://www.shl.com/solutions/products/product-catalog/view/automata-data-science-new/,No,No,S,Assessment length
Automata Data Science Pro (New),https://www.shl.com/solutions/products/product-catalog/view/automata-data-science-pro-new/,No,No,S,Assessment length
Automata Front End,https://www.shl.com/solutions/products/product-catalog/view/automata-front-end/,No,No,S,Assessment length
Automata Pro (New),https://www.shl.com/solutions/products/product-catalog/view/automata-pro-new/,No,No,S,Assessment length
Automata Selenium,https://www.shl.com/solutions/products/product-catalog/view/automata-selenium/,No,No,S,Assessment length
Automation Anywhere RPA Development (New),https://www.shl.com/solutions/products/product-catalog/view/automation-anywhere-rpa-development-new/,No,No,K,Assessment length
Automotive Engineering (New),https://www.shl.com/solutions/products/product-catalog/view/automotive-engineering-new/,No,No,K,Assessment length
Basic Biology (New),https://www.shl.com/solutions/products/product-catalog/view/basic-biology-new/,No,No,K,Assessment length
Basic Computer Literacy (Windows 10) (New),https://www.shl.com/solutions/products/product-catalog/view/basic-computer-literacy-windows-10-new/,No,No,"S
K",Assessment length
Basic Statistics (New),https://www.shl.com/solutions/products/product-catalog/view/basic-statistics-new/,No,No,K,Assessment length
Biochemistry (New),https://www.shl.com/solutions/products/product-catalog/view/biochemistry-new/,No,No,K,Assessment length
Biotech Lab Techniques (New),https://www.shl.com/solutions/products/product-catalog/view/biotech-lab-techniques-new/,No,No,K,Assessment length
BizTalk (New),https://www.shl.com/solutions/products/product-catalog/view/biztalk-new/,No,No,K,Assessment length
Business Communication (adaptive),https://www.shl.com/solutions/products/product-catalog/view/business-communication-adaptive/,No,No,K,Assessment length
Business Communications,https://www.shl.com/solutions/products/product-catalog/view/business-communications/,No,No,K,Assessment length
C Programming (New),https://www.shl.com/solutions/products/product-catalog/view/c-programming-new/,No,No,K,Assessment length
C# Programming (New),https://www.shl.com/solutions/products/product-catalog/view/c-programming-new-4039/,No,No,K,Assessment length
C++ Programming (New),https://www.shl.com/solutions/products/product-catalog/view/c-programming-new-4122/,No,No,K,Assessment length
Cardiology and Diabetes Management (New),https://www.shl.com/solutions/products/product-catalog/view/cardiology-and-diabetes-management-new/,No,No,K,Assessment length
Ceramic Engineering (New),https://www.shl.com/solutions/products/product-catalog/view/ceramic-engineering-new/,No,No,K,Assessment length
Chemical Engineering (New),https://www.shl.com/solutions/products/product-catalog/view/chemical-engineering-new/,No,No,K,Assessment length
Cisco AppDynamics (New),https://www.shl.com/solutions/products/product-catalog/view/cisco-appdynamics-new/,No,No,K,Assessment length
Civil Engineering (New),https://www.shl.com/solutions/products/product-catalog/view/civil-engineering-new/,No,No,K,Assessment length
Cloud Computing (New),https://www.shl.com/solutions/products/product-catalog/view/cloud-computing-new/,No,No,K,Assessment length
COBOL Programming (New),https://www.shl.com/solutions/products/product-catalog/view/cobol-programming-new/,No,No,K,Assessment length
Computer Science (New),https://www.shl.com/solutions/products/product-catalog/view/computer-science-new/,No,No,K,Assessment length
Contact Center Call Simulation (New),https://www.shl.com/solutions/products/product-catalog/view/contact-center-call-simulation-new/,No,No,S,Assessment length
Conversational Multichat Simulation,https://www.shl.com/solutions/products/product-catalog/view/conversational-multichat-simulation/,No,No,S,Assessment length
Core Java (Advanced Level) (New),https://www.shl.com/solutions/products/product-catalog/view/core-java-advanced-level-new/,No,No,K,Assessment length
Core Java (Entry Level) (New),https://www.shl.com/solutions/products/product-catalog/view/core-java-entry-level-new/,No,No,K,Assessment length
Count Out The Money,https://www.shl.com/solutions/products/product-catalog/view/count-out-the-money/,No,No,"K
S",Assessment length
CSS3 (New),https://www.shl.com/solutions/products/product-catalog/view/css3-new/,No,No,K,Assessment length
Culinary Skills (New),https://www.shl.com/solutions/products/product-catalog/view/culinary-skills-new/,No,No,K,Assessment length
Customer Service Phone Simulation,https://www.shl.com/solutions/products/product-catalog/view/customer-service-phone-simulation/,No,No,"B
S",Assessment length
Customer Service Phone Solution,https://www.shl.com/solutions/products/product-catalog/view/customer-service-phone-solution/,No,No,"B
P
S",Assessment length
Cyber Risk (New),https://www.shl.com/solutions/products/product-catalog/view/cyber-risk-new/,No,No,K,Assessment length
Data Entry (New),https://www.shl.com/solutions/products/product-catalog/view/data-entry-new/,No,No,S,Assessment length
Data Entry Alphanumeric Split Screen - US,https://www.shl.com/solutions/products/product-catalog/view/data-entry-alphanumeric-split-screen-us/,No,No,K,Assessment length
Data Entry Numeric Split Screen - US,https://www.shl.com/solutions/products/product-catalog/view/data-entry-numeric-split-screen-us/,No,No,K,Assessment length
Data Entry Ten Key Split Screen,https://www.shl.com/solutions/products/product-catalog/view/data-entry-ten-key-split-screen/,No,No,K,Assessment length
Data Science (New),https://www.shl.com/solutions/products/product-catalog/view/data-science-new/,No,No,K,Assessment length
Data Warehousing Concepts,https://www.shl.com/solutions/products/product-catalog/view/data-warehousing-concepts/,No,No,K,Assessment length
Dependability and Safety Instrument (DSI),https://www.shl.com/solutions/products/product-catalog/view/dependability-and-safety-instrument-dsi/,No,No,P,Assessment length
Dermatology (New),https://www.shl.com/solutions/products/product-catalog/view/dermatology-new/,No,No,K,Assessment length
Desktop Support (New),https://www.shl.com/solutions/products/product-catalog/view/desktop-support-new/,No,No,K,Assessment length
Digital Advertising (New),https://www.shl.com/solutions/products/product-catalog/view/digital-advertising-new/,No,No,K,Assessment length
Digital Readiness Development Report - IC,https://www.shl.com/solutions/products/product-catalog/view/digital-readiness-development-report/,No,No,P,
Digital Readiness Development Report - Manager,https://www.shl.com/solutions/products/product-catalog/view/digital-readiness-development-report-manager/,No,No,P,
Docker (New),https://www.shl.com/solutions/products/product-catalog/view/docker-new/,No,No,K,Assessment length
Dojo (New),https://www.shl.com/solutions/products/product-catalog/view/dojo-new/,No,No,K,Assessment length
Drupal (New),https://www.shl.com/solutions/products/product-catalog/view/drupal-new/,No,No,K,Assessment length
DSI v1.1 Interpretation Report,https://www.shl.com/solutions/products/product-catalog/view/dsi-v1-1-interpretation-report/,No,No,P,
Econometrics (New),https://www.shl.com/solutions/products/product-catalog/view/econometrics-new/,No,No,K,Assessment length
Economics (New),https://www.shl.com/solutions/products/product-catalog/view/economics-new/,No,No,K,Assessment length
Electrical and Electronics Engineering (New),https://www.shl.com/solutions/products/product-catalog/view/electrical-and-electronics-engineering-new/,No,No,K,Assessment length
Electrical Engineering (New),https://www.shl.com/solutions/products/product-catalog/view/electrical-engineering-new/,No,No,K,Assessment length
Electronics & Telecommunications Engineering (New),https://www.shl.com/solutions/products/product-catalog/view/electronics-and-telecommunications-engineering-new/,No,No,K,Assessment length
Electronics and Embedded Systems Engineering (New),https://www.shl.com/solutions/products/product-catalog/view/electronics-and-embedded-systems-engineering-new/,No,No,K,Assessment length
Electronics and Semiconductor Engineering (New),https://www.shl.com/solutions/products/product-catalog/view/electronics-and-semiconductor-engineering-new/,No,No,K,Assessment length
English Comprehension (New),https://www.shl.com/solutions/products/product-catalog/view/english-comprehension-new/,No,No,K,Assessment length
Enterprise Java Beans (New),https://www.shl.com/solutions/products/product-catalog/view/enterprise-java-beans-new/,No,No,K,Assessment length
Enterprise Leadership Report 1.0,https://www.shl.com/solutions/products/product-catalog/view/enterprise-leadership-report/,No,No,P,
Enterprise Leadership Report 2.0,https://www.shl.com/solutions/products/product-catalog/view/enterprise-leadership-report-2-0/,No,No,P,
Entry Level Cashier Solution,https://www.shl.com/solutions/products/product-catalog/view/entry-level-cashier-solution/,No,No,"C
P",Assessment length
Entry Level Customer Serv-Retail & Contact Center,https://www.shl.com/solutions/products/product-catalog/view/entry-level-customer-serv-retail-and-contact-center/,No,No,"P
C",Assessment length
Entry Level Customer Service (General) Solution,https://www.shl.com/solutions/products/product-catalog/view/entry-level-customer-service-general-solution/,No,No,"C
P",Assessment length
Entry Level Hotel Front Desk Solution,https://www.shl.com/solutions/products/product-catalog/view/entry-level-hotel-front-desk-solution/,No,No,"C
P",Assessment length
Entry Level Sales Solution,https://www.shl.com/solutions/products/product-catalog/view/entry-level-sales-solution/,No,No,"C
P",Assessment length
Entry Level Technical Support Solution,https://www.shl.com/solutions/products/product-catalog/view/entry-level-technical-support-solution/,No,No,"P
C",Assessment length
ETL Testing (New),https://www.shl.com/solutions/products/product-catalog/view/etl-testing-new/,No,No,K,Assessment length
Executive Scenarios,https://www.shl.com/solutions/products/product-catalog/view/executive-scenarios/,No,No,B,Assessment length
Executive Scenarios Narrative Report,https://www.shl.com/solutions/products/product-catalog/view/executive-scenarios-narrative-report/,No,No,B,
Executive Scenarios Profile Report,https://www.shl.com/solutions/products/product-catalog/view/executive-scenarios-profile-report/,No,No,B,
ExpressJS (New),https://www.shl.com/solutions/products/product-catalog/view/expressjs-new/,No,No,K,Assessment length
Filing - Names (R1),https://www.shl.com/solutions/products/product-catalog/view/filing-names-r1/,No,No,K,Assessment length
Filing - Numbers,https://www.shl.com/solutions/products/product-catalog/view/filing-numbers/,No,No,K,Assessment length
Financial Accounting (New),https://www.shl.com/solutions/products/product-catalog/view/financial-accounting-new/,No,No,K,Assessment length
Financial and Banking Services (New),https://www.shl.com/solutions/products/product-catalog/view/financial-and-banking-services-new/,No,No,K,Assessment length
Fire Engineering (New),https://www.shl.com/solutions/products/product-catalog/view/fire-engineering-new/,No,No,K,Assessment length
Following Instructions v1 - UK (R1),https://www.shl.com/solutions/products/product-catalog/view/following-instructions-v1-uk-r1/,No,No,K,Assessment length
Following Instructions v1 - US (R2),https://www.shl.com/solutions/products/product-catalog/view/following-instructions-v1-us-r2/,No,No,K,Assessment length
Food and Beverage Services (New),https://www.shl.com/solutions/products/product-catalog/view/food-and-beverage-services-new/,No,No,K,Assessment length
Food Science (New),https://www.shl.com/solutions/products/product-catalog/view/food-science-new/,No,No,K,Assessment length
Front Office Management (New),https://www.shl.com/solutions/products/product-catalog/view/front-office-management-new/,No,No,K,Assessment length
Fundamentals of Chemistry (New),https://www.shl.com/solutions/products/product-catalog/view/fundamentals-of-chemistry-new/,No,No,K,Assessment length
Fundamentals of Physics (New),https://www.shl.com/solutions/products/product-catalog/view/fundamentals-of-physics-new/,No,No,K,Assessment length
General Diseases (New),https://www.shl.com/solutions/products/product-catalog/view/general-diseases-new/,No,No,K,Assessment length
Geoinformatics Engineering (New),https://www.shl.com/solutions/products/product-catalog/view/geoinformatics-engineering-new/,No,No,K,Assessment length
Geoscience Engineering (New),https://www.shl.com/solutions/products/product-catalog/view/geoscience-engineering-new/,No,No,K,Assessment length
GIT (New),https://www.shl.com/solutions/products/product-catalog/view/git-new/,No,No,K,Assessment length
Global Skills Assessment,https://www.shl.com/solutions/products/product-catalog/view/global-skills-assessment/,No,No,"C
K",Assessment length
Graduate Scenarios,https://www.shl.com/solutions/products/product-catalog/view/graduate-scenarios/,No,No,B,Assessment length
Graduate Scenarios Narrative Report,https://www.shl.com/solutions/products/product-catalog/view/graduate-scenarios-narrative-report/,No,No,B,
Graduate Scenarios Profile Report,https://www.shl.com/solutions/products/product-catalog/view/graduate-scenarios-profile-report/,No,No,B,
Hibernate (New),https://www.shl.com/solutions/products/product-catalog/view/hibernate-new/,No,No,K,Assessment length
HIPAA (Security),https://www.shl.com/solutions/products/product-catalog/view/hipaa-security/,No,No,K,Assessment length
HiPo Assessment Report 1.0,https://www.shl.com/solutions/products/product-catalog/view/hipo-assessment-report-1-0/,No,No,"C
P",
HiPo Assessment Report 2.0,https://www.shl.com/solutions/products/product-catalog/view/hipo-assessment-report-2-0/,No,No,"C
P",
HiPo Unlocking Potential Report 2.0,https://www.shl.com/solutions/products/product-catalog/view/hipo-unlocking-potential-report-2-0/,No,No,C,
Housekeeping (New),https://www.shl.com/solutions/products/product-catalog/view/housekeeping-new/,No,No,K,Assessment length
HTML/CSS (New),https://www.shl.com/solutions/products/product-catalog/view/htmlcss-new/,No,No,K,Assessment length
HTML5 (New),https://www.shl.com/solutions/products/product-catalog/view/html5-new/,No,No,K,Assessment length
Human Resources (New),https://www.shl.com/solutions/products/product-catalog/view/human-resources-new/,No,No,K,Assessment length
IBM DataStage (New),https://www.shl.com/solutions/products/product-catalog/view/ibm-datastage-new/,No,No,K,Assessment length
IBM Sterling Order Management System (New),https://www.shl.com/solutions/products/product-catalog/view/ibm-sterling-order-management-system-new/,No,No,K,Assessment length
Industrial Engineering (New),https://www.shl.com/solutions/products/product-catalog/view/industrial-engineering-new/,No,No,K,Assessment length
Informatica (Architecture) (New),https://www.shl.com/solutions/products/product-catalog/view/informatica-architecture-new/,No,No,K,Assessment length
Informatica (Developer) (New),https://www.shl.com/solutions/products/product-catalog/view/informatica-developer-new/,No,No,K,Assessment length
Instrumentation Engineering (New),https://www.shl.com/solutions/products/product-catalog/view/instrumentation-engineering-new/,No,No,K,Assessment length
Interpersonal Communications,https://www.shl.com/solutions/products/product-catalog/view/interpersonal-communications/,No,No,K,Assessment length
Interviewing and Hiring Concepts (U.S.),https://www.shl.com/solutions/products/product-catalog/view/interviewing-and-hiring-concepts-u-s/,No,No,K,Assessment length
iOS Development (New),https://www.shl.com/solutions/products/product-catalog/view/ios-development-new/,No,No,K,Assessment length
ITIL (IT Infrastructure Library) (New),https://www.shl.com/solutions/products/product-catalog/view/itil-it-infrastructure-library-new/,No,No,K,Assessment length
Java 2 Platform Enterprise Edition 1.4 Fundamental,https://www.shl.com/solutions/products/product-catalog/view/java-2-platform-enterprise-edition-1-4-fundamental/,No,No,K,Assessment length
Java 8 (New),https://www.shl.com/solutions/products/product-catalog/view/java-8-new/,No,No,K,Assessment length
Java Design Patterns (New),https://www.shl.com/solutions/products/product-catalog/view/java-design-patterns-new/,No,No,K,Assessment length
Java Frameworks (New),https://www.shl.com/solutions/products/product-catalog/view/java-frameworks-new/,No,No,K,Assessment length
Java Platform Enterprise Edition 7 (Java EE 7),https://www.shl.com/solutions/products/product-catalog/view/java-platform-enterprise-edition-7-java-ee-7/,No,No,K,Assessment length
Java Web Services (New),https://www.shl.com/solutions/products/product-catalog/view/java-web-services-new/,No,No,K,Assessment length
JavaScript (New),https://www.shl.com/solutions/products/product-catalog/view/javascript-new/,No,No,K,Assessment length
Jenkins (New),https://www.shl.com/solutions/products/product-catalog/view/jenkins-new/,No,No,K,Assessment length
Job Control Language (New),https://www.shl.com/solutions/products/product-catalog/view/job-control-language-new/,No,No,K,Assessment length
jQuery (New),https://www.shl.com/solutions/products/product-catalog/view/jquery-new/,No,No,K,Assessment length
Kubernetes (New),https://www.shl.com/solutions/products/product-catalog/view/kubernetes-new/,No,No,K,Assessment length
Linux Administration (New),https://www.shl.com/solutions/products/product-catalog/view/linux-administration-new/,No,No,K,Assessment length
Linux Operating System,https://www.shl.com/solutions/products/product-catalog/view/linux-operating-system/,No,No,K,Assessment length
Linux Programming (General),https://www.shl.com/solutions/products/product-catalog/view/linux-programming-general/,No,No,K,Assessment length
Load Runner (New),https://www.shl.com/solutions/products/product-catalog/view/load-runner-new/,No,No,K,Assessment length
Management Scenarios,https://www.shl.com/solutions/products/product-catalog/view/management-scenarios/,No,No,B,Assessment length
Managerial Scenarios Candidate Report,https://www.shl.com/solutions/products/product-catalog/view/managerial-scenarios-candidate-report/,No,No,B,
Managerial Scenarios Narrative Report,https://www.shl.com/solutions/products/product-catalog/view/managerial-scenarios-narrative-report/,No,No,B,
Managerial Scenarios Profile Report,https://www.shl.com/solutions/products/product-catalog/view/managerial-scenarios-profile-report/,No,No,B,
Manual Testing (New),https://www.shl.com/solutions/products/product-catalog/view/manual-testing-new/,No,No,K,Assessment length
Manufac. & Indust. - Mechanical & Vigilance 8.0,https://www.shl.com/solutions/products/product-catalog/view/mechanical-and-vigilance-focus-8-0/,No,No,"A
P",Assessment length
Manufac. & Indust. - Safety & Dependability 8.0,https://www.shl.com/solutions/products/product-catalog/view/safety-and-dependability-focus-8-0/,No,No,P,Assessment length
Manufacturing & Industrial - Essential Focus 8.0,https://www.shl.com/solutions/products/product-catalog/view/essential-focus-8-0/,No,No,P,Assessment length
Manufacturing & Industrial - Mechanical Focus 8.0,https://www.shl.com/solutions/products/product-catalog/view/mechanical-focus-8-0/,No,No,"A
P",Assessment length
Manufacturing & Industrial - Vigilance Focus 8.0,https://www.shl.com/solutions/products/product-catalog/view/vigilance-focus-8-0/,No,No,"A
P",Assessment length
Marketing (New),https://www.shl.com/solutions/products/product-catalog/view/marketing-new/,No,No,K,Assessment length
Maven (New),https://www.shl.com/solutions/products/product-catalog/view/maven-new/,No,No,K,Assessment length
Mechanical Engineering (New),https://www.shl.com/solutions/products/product-catalog/view/mechanical-engineering-new/,No,No,K,Assessment length
Mechatronics Engineering (New),https://www.shl.com/solutions/products/product-catalog/view/mechatronics-engineering-new/,No,No,K,Assessment length
Medical Terminology (New),https://www.shl.com/solutions/products/product-catalog/view/medical-terminology-new/,No,No,K,Assessment length
Metallurgical Engineering (New),https://www.shl.com/solutions/products/product-catalog/view/metallurgical-engineering-new/,No,No,K,Assessment length
MFS 360 Enterprise Leadership Report,https://www.shl.com/solutions/products/product-catalog/view/mfs-360-enterprise-leadership-report/,No,No,D,
MFS 360 UCF Group Report,https://www.shl.com/solutions/products/product-catalog/view/mfs-360-ucf-group-report/,No,No,D,
MFS 360 UCF Performance Potential Dev Tips Report,https://www.shl.com/solutions/products/product-catalog/view/mfs-360-ucf-performance-potential-dev-tips-report/,No,No,D,
MFS 360 UCF Standard Report,https://www.shl.com/solutions/products/product-catalog/view/mfs-360-ucf-standard-report/,No,No,D,
Micro Focus Unified Functional Testing (New),https://www.shl.com/solutions/products/product-catalog/view/micro-focus-unified-functional-testing-new/,No,No,K,Assessment length
Microservices (New),https://www.shl.com/solutions/products/product-catalog/view/microservices-new/,No,No,K,Assessment length
Microsoft Dynamics Development (New),https://www.shl.com/solutions/products/product-catalog/view/microsoft-dynamics-development-new/,No,No,K,Assessment length
Microsoft Excel 365 - Essentials (New),https://www.shl.com/solutions/products/product-catalog/view/microsoft-excel-365-essentials-new/,No,No,"K
S",Assessment length
Microsoft Excel 365 (New),https://www.shl.com/solutions/products/product-catalog/view/microsoft-excel-365-new/,No,No,"K
S",Assessment length
Microsoft Outlook 2013 (adaptive),https://www.shl.com/solutions/products/product-catalog/view/microsoft-outlook-2013-adaptive/,No,No,K,Assessment length
Microsoft PowerPoint 365 - Essentials (New),https://www.shl.com/solutions/products/product-catalog/view/microsoft-powerpoint-365-essentials-new/,No,No,"K
S",Assessment length
Microsoft SQL Server 2014 Programming,https://www.shl.com/solutions/products/product-catalog/view/microsoft-sql-server-2014-programming/,No,No,K,Assessment length
Microsoft Windows Server 2012 Administration,https://www.shl.com/solutions/products/product-catalog/view/microsoft-windows-server-2012-administration/,No,No,K,Assessment length
Microsoft Word 365 - Essentials (New),https://www.shl.com/solutions/products/product-catalog/view/microsoft-word-365-essentials-new/,No,No,"K
S",Assessment length
Microsoft Word 365 (New),https://www.shl.com/solutions/products/product-catalog/view/microsoft-word-365-new/,No,No,"S
K",Assessment length
Mineral Engineering (New),https://www.shl.com/solutions/products/product-catalog/view/mineral-engineering-new/,No,No,K,Assessment length
Mining Engineering (New),https://www.shl.com/solutions/products/product-catalog/view/mining-engineering-new/,No,No,K,Assessment length
Mobility (New),https://www.shl.com/solutions/products/product-catalog/view/mobility-new/,No,No,K,Assessment length
Molecular Biology (New),https://www.shl.com/solutions/products/product-catalog/view/molecular-biology-new/,No,No,K,Assessment length
MongoDB (New),https://www.shl.com/solutions/products/product-catalog/view/mongodb-new/,No,No,K,Assessment length
Motivation Questionnaire MQM5,https://www.shl.com/solutions/products/product-catalog/view/motivation-questionnaire-mqm5/,No,No,P,Assessment length
MQ Candidate Motivation Report,https://www.shl.com/solutions/products/product-catalog/view/mq-candidate-motivation-report/,No,No,P,
MQ Employee Motivation Report,https://www.shl.com/solutions/products/product-catalog/view/mq-employee-motivation-report/,No,No,P,
MQ Motivation Report Pack,https://www.shl.com/solutions/products/product-catalog/view/mq-motivation-report-pack/,No,No,P,
MQ Profile,https://www.shl.com/solutions/products/product-catalog/view/mq-profile/,No,No,P,
MS Access (New),https://www.shl.com/solutions/products/product-catalog/view/ms-access-new/,No,No,K,Assessment length
MS Excel (New),https://www.shl.com/solutions/products/product-catalog/view/ms-excel-new/,No,No,K,Assessment length
MS Office Basic Computer Literacy (New),https://www.shl.com/solutions/products/product-catalog/view/ms-office-basic-computer-literacy-new/,No,No,K,Assessment length
MS Office Basic Computer Literacy (Sim) (New),https://www.shl.com/solutions/products/product-catalog/view/ms-office-basic-computer-literacy-sim-new/,No,No,S,Assessment length
MS PowerPoint (New),https://www.shl.com/solutions/products/product-catalog/view/ms-powerpoint-new/,No,No,K,Assessment length
MS Word (New),https://www.shl.com/solutions/products/product-catalog/view/ms-word-new/,No,No,K,Assessment length
MuleSoft Development (New),https://www.shl.com/solutions/products/product-catalog/view/mulesoft-development-new/,No,No,K,Assessment length
Multitasking Ability,https://www.shl.com/solutions/products/product-catalog/view/multitasking-ability/,No,No,"A
K
S",Assessment length
Networking and Implementation (New),https://www.shl.com/solutions/products/product-catalog/view/networking-and-implementation-new/,No,No,K,Assessment length
Node.js (New),https://www.shl.com/solutions/products/product-catalog/view/node-js-new/,No,No,K,Assessment length
Nursing (New),https://www.shl.com/solutions/products/product-catalog/view/nursing-new/,No,No,K,Assessment length
Occupational Personality Questionnaire OPQ32r,https://www.shl.com/solutions/products/product-catalog/view/occupational-personality-questionnaire-opq32r/,No,No,P,Assessment length
Operations Management (New),https://www.shl.com/solutions/products/product-catalog/view/operations-management-new/,No,No,K,Assessment length
OPQ Candidate Plus Report,https://www.shl.com/solutions/products/product-catalog/view/opq-candidate-plus-report/,No,No,P,
OPQ Candidate Report 2.0,https://www.shl.com/solutions/products/product-catalog/view/opq-candidate-report-2-0/,No,No,P,
OPQ Emotional Intelligence Report,https://www.shl.com/solutions/products/product-catalog/view/opq-emotional-intelligence-report/,No,No,P,
OPQ Leadership Report,https://www.shl.com/solutions/products/product-catalog/view/opq-leadership-report/,No,No,P,
OPQ Manager Plus Report,https://www.shl.com/solutions/products/product-catalog/view/opq-manager-plus-report/,No,No,P,
OPQ Manager Plus Report 2.0,https://www.shl.com/solutions/products/product-catalog/view/opq-manager-plus-report-2-0/,No,No,P,
OPQ Maximising your Learning Report,https://www.shl.com/solutions/products/product-catalog/view/opq-maximising-your-learning-report/,No,No,P,
OPQ MQ Sales Report,https://www.shl.com/solutions/products/product-catalog/view/opq-mq-sales-report/,No,No,P,
OPQ Premium Plus Report,https://www.shl.com/solutions/products/product-catalog/view/opq-premium-plus-report/,No,No,P,
OPQ Premium Plus Report 2.0,https://www.shl.com/solutions/products/product-catalog/view/opq-premium-plus-report-2-0/,No,No,P,
OPQ Profile Report,https://www.shl.com/solutions/products/product-catalog/view/opq-profile-report/,No,No,P,
OPQ Team Impact Group Development Report,https://www.shl.com/solutions/products/product-catalog/view/opq-team-impact-group-development-report/,No,No,P,
OPQ Team Impact Individual Development Report,https://www.shl.com/solutions/products/product-catalog/view/opq-team-impact-individual-development-report/,No,No,P,
OPQ Team Impact Selection Report,https://www.shl.com/solutions/products/product-catalog/view/opq-team-impact-selection-report/,No,No,P,
OPQ Team Types & Leadership Styles Profile,https://www.shl.com/solutions/products/product-catalog/view/opq-team-types-and-leadership-styles-profile/,No,No,P,
OPQ Team Types and Leadership Styles Report,https://www.shl.com/solutions/products/product-catalog/view/opq-team-types-and-leadership-styles-report/,No,No,P,
OPQ UCF Development Action Planner Report 1.0,https://www.shl.com/solutions/products/product-catalog/view/opq-ucf-development-action-planner-report/,No,No,P,
OPQ UCF Development Action Planner Report 2.0,https://www.shl.com/solutions/products/product-catalog/view/opq-ucf-development-action-planner-report-2-0/,No,No,P,
OPQ Universal Competency Report 1.0,https://www.shl.com/solutions/products/product-catalog/view/opq-universal-competency-report/,No,No,P,
OPQ Universal Competency Report 2.0,https://www.shl.com/solutions/products/product-catalog/view/opq-universal-competency-report-2-0/,No,No,P,
OPQ User and Managers Report,https://www.shl.com/solutions/products/product-catalog/view/opq-user-and-managers-report/,No,No,P,
OPQ User Report,https://www.shl.com/solutions/products/product-catalog/view/opq-user-report/,No,No,"P
S",
Oracle DBA (Advanced Level) (New),https://www.shl.com/solutions/products/product-catalog/view/oracle-dba-advanced-level-new/,No,No,K,Assessment length
Oracle DBA (Entry Level) (New),https://www.shl.com/solutions/products/product-catalog/view/oracle-dba-entry-level-new/,No,No,K,Assessment length
Oracle PL/SQL (New),https://www.shl.com/solutions/products/product-catalog/view/oracle-plsql-new/,No,No,K,Assessment length
Oracle WebLogic Server (New),https://www.shl.com/solutions/products/product-catalog/view/oracle-weblogic-server-new/,No,No,K,Assessment length
Organic Chemistry (New),https://www.shl.com/solutions/products/product-catalog/view/organic-chemistry-new/,No,No,K,Assessment length
Paint Technology (New),https://www.shl.com/solutions/products/product-catalog/view/paint-technology-new/,No,No,K,Assessment length
Pediatrics (New),https://www.shl.com/solutions/products/product-catalog/view/pediatrics-new/,No,No,K,Assessment length
Pega Development (New),https://www.shl.com/solutions/products/product-catalog/view/pega-development-new/,No,No,K,Assessment length
Perl (New),https://www.shl.com/solutions/products/product-catalog/view/perl-new/,No,No,K,Assessment length
Petrochemical Engineering (New),https://www.shl.com/solutions/products/product-catalog/view/petrochemical-engineering-new/,No,No,K,Assessment length
Petroleum Engineering (New),https://www.shl.com/solutions/products/product-catalog/view/petroleum-engineering-new/,No,No,K,Assessment length
Pharmaceutical Analysis (New),https://www.shl.com/solutions/products/product-catalog/view/pharmaceutical-analysis-new/,No,No,K,Assessment length
Pharmaceutical Chemistry (New),https://www.shl.com/solutions/products/product-catalog/view/pharmaceutical-chemistry-new/,No,No,K,Assessment length
Pharmaceutical Science (New),https://www.shl.com/solutions/products/product-catalog/view/pharmaceutical-science-new/,No,No,K,Assessment length
Pharmaceutics (New),https://www.shl.com/solutions/products/product-catalog/view/pharmaceutics-new/,No,No,K,Assessment length
Pharmacology (New),https://www.shl.com/solutions/products/product-catalog/view/pharmacology-new/,No,No,K,Assessment length
PHP (New),https://www.shl.com/solutions/products/product-catalog/view/php-new/,No,No,K,Assessment length
PJM Development Report,https://www.shl.com/solutions/products/product-catalog/view/pjm-development-report/,No,No,"C
A
P",
PJM Selection Report,https://www.shl.com/solutions/products/product-catalog/view/pjm-selection-report/,No,No,"A
C
P",
Polymer Engineering (New),https://www.shl.com/solutions/products/product-catalog/view/polymer-engineering-new/,No,No,K,Assessment length
Power Electronics and Drives (New),https://www.shl.com/solutions/products/product-catalog/view/power-electronics-and-drives-new/,No,No,K,Assessment length
Power System Engineering (New),https://www.shl.com/solutions/products/product-catalog/view/power-system-engineering-new/,No,No,K,Assessment length
Prism (New),https://www.shl.com/solutions/products/product-catalog/view/prism-new/,No,No,K,Assessment length
Production and Industrial Engineering (New),https://www.shl.com/solutions/products/product-catalog/view/production-and-industrial-engineering-new/,No,No,K,Assessment length
Production Engineering (New),https://www.shl.com/solutions/products/product-catalog/view/production-engineering-new/,No,No,K,Assessment length
Programming Concepts,https://www.shl.com/solutions/products/product-catalog/view/programming-concepts/,No,No,K,Assessment length
Project Management (2013),https://www.shl.com/solutions/products/product-catalog/view/project-management-2013/,No,No,K,Assessment length
Proofreading v1,https://www.shl.com/solutions/products/product-catalog/view/proofreading-v1/,No,No,K,Assessment length
Python (New),https://www.shl.com/solutions/products/product-catalog/view/python-new/,No,No,K,Assessment length
R Programming (New),https://www.shl.com/solutions/products/product-catalog/view/r-programming-new/,No,No,K,Assessment length
ReactJS (New),https://www.shl.com/solutions/products/product-catalog/view/reactjs-new/,No,No,K,Assessment length
Reading Comprehension - English v1,https://www.shl.com/solutions/products/product-catalog/view/reading-comprehension-english-v1/,No,No,A,Assessment length
Reading Comprehension - Spanish v1,https://www.shl.com/solutions/products/product-catalog/view/reading-comprehension-spanish-v1/,No,No,A,Assessment length
Reading Comprehension v2,https://www.shl.com/solutions/products/product-catalog/view/reading-comprehension-v2/,No,No,A,Assessment length
RemoteWorkQ,https://www.shl.com/solutions/products/product-catalog/view/remoteworkq/,No,No,C,Assessment length
RemoteWorkQ Manager Report,https://www.shl.com/solutions/products/product-catalog/view/remoteworkq-manager-report/,No,No,C,
RemoteWorkQ Participant Report,https://www.shl.com/solutions/products/product-catalog/view/remoteworkq-participant-report/,No,No,C,
RESTful Web Services (New),https://www.shl.com/solutions/products/product-catalog/view/restful-web-services-new/,No,No,K,Assessment length
Retail Sales and Service Simulation,https://www.shl.com/solutions/products/product-catalog/view/retail-sales-and-service-simulation/,No,No,"B
K
S
A",Assessment length
Reviewing Forms - US (R1),https://www.shl.com/solutions/products/product-catalog/view/reviewing-forms-us-r1/,No,No,K,Assessment length
Ruby (New),https://www.shl.com/solutions/products/product-catalog/view/ruby-new/,No,No,K,Assessment length
Ruby on Rails (New),https://www.shl.com/solutions/products/product-catalog/view/ruby-on-rails-new/,No,No,K,Assessment length
Sales & Service Phone Simulation,https://www.shl.com/solutions/products/product-catalog/view/sales-and-service-phone-simulation/,No,No,"S
B",Assessment length
Sales & Service Phone Solution,https://www.shl.com/solutions/products/product-catalog/view/sales-and-service-phone-solution/,No,No,"B
P
S",Assessment length
Sales Interview Guide,https://www.shl.com/solutions/products/product-catalog/view/sales-interview-guide/,No,No,"P
P",Assessment length
Sales Profiler Cards,https://www.shl.com/solutions/products/product-catalog/view/sales-profiler-cards/,No,No,P,Assessment length
Sales Transformation 1.0 - Individual Contributor,https://www.shl.com/solutions/products/product-catalog/view/sales-transformation-report-individual-contributor/,No,No,P,
Sales Transformation 2.0 - Individual Contributor,https://www.shl.com/solutions/products/product-catalog/view/salestransformationreport2-0-individualcontributor/,No,No,P,
Sales Transformation Report 1.0 - Sales Manager,https://www.shl.com/solutions/products/product-catalog/view/sales-transformation-report-sales-manager/,No,No,P,
Sales Transformation Report 2.0 - Sales Manager,https://www.shl.com/solutions/products/product-catalog/view/sales-transformation-report-2-0-sales-manager/,No,No,P,
Salesforce Development (New),https://www.shl.com/solutions/products/product-catalog/view/salesforce-development-new/,No,No,K,Assessment length
SAP ABAP (Advanced Level) (New),https://www.shl.com/solutions/products/product-catalog/view/sap-abap-advanced-level-new/,No,No,K,Assessment length
SAP ABAP (Intermediate Level) (New),https://www.shl.com/solutions/products/product-catalog/view/sap-abap-intermediate-level-new/,No,No,K,Assessment length
SAP Basis (New),https://www.shl.com/solutions/products/product-catalog/view/sap-basis-new/,No,No,K,Assessment length
SAP Business Objects WebI (New),https://www.shl.com/solutions/products/product-catalog/view/sap-business-objects-webi-new/,No,No,K,Assessment length
SAP BW (Business Warehouse) (New),https://www.shl.com/solutions/products/product-catalog/view/sap-bw-business-warehouse-new/,No,No,K,Assessment length
SAP HCM (Human Capital Management) (New),https://www.shl.com/solutions/products/product-catalog/view/sap-hcm-human-capital-management-new/,No,No,K,Assessment length
SAP Hybris (New),https://www.shl.com/solutions/products/product-catalog/view/sap-hybris-new/,No,No,K,Assessment length
SAP Materials Management (New),https://www.shl.com/solutions/products/product-catalog/view/sap-materials-management-new/,No,No,K,Assessment length
SAP SD (Sales and Distribution) (New),https://www.shl.com/solutions/products/product-catalog/view/sap-sd-sales-and-distribution-new/,No,No,K,Assessment length
Search Engine Optimization (New),https://www.shl.com/solutions/products/product-catalog/view/search-engine-optimization-new/,No,No,K,Assessment length
Selenium (New),https://www.shl.com/solutions/products/product-catalog/view/selenium-new/,No,No,K,Assessment length
Shell Scripting (New),https://www.shl.com/solutions/products/product-catalog/view/shell-scripting-new/,No,No,K,Assessment length
SHL Verify Interactive - Inductive Reasoning,https://www.shl.com/solutions/products/product-catalog/view/shl-verify-interactive-inductive-reasoning/,No,No,"A
S",Assessment length
SHL Verify Interactive – Deductive Reasoning,https://www.shl.com/solutions/products/product-catalog/view/shl-verify-interactive-deductive-reasoning/,No,No,"A
S",Assessment length
SHL Verify Interactive – Numerical Reasoning,https://www.shl.com/solutions/products/product-catalog/view/shl-verify-interactive-numerical-reasoning/,No,No,"A
S",Assessment length
SHL Verify Interactive G+,https://www.shl.com/solutions/products/product-catalog/view/shl-verify-interactive-g/,No,No,A,Assessment length
SHL Verify Interactive Numerical Calculation,https://www.shl.com/solutions/products/product-catalog/view/shl-verify-interactive-numerical-calculation/,No,No,A,Assessment length
Siebel Development (New),https://www.shl.com/solutions/products/product-catalog/view/siebel-development-new/,No,No,K,Assessment length
Smart Interview Live,https://www.shl.com/solutions/products/product-catalog/view/smart-interview-live/,No,No,P,Assessment length
Smart Interview Live Coding,https://www.shl.com/solutions/products/product-catalog/view/smart-interview-live-coding/,No,No,K,Assessment length
Smart Interview On Demand,https://www.shl.com/solutions/products/product-catalog/view/smart-interview-on-demand/,No,No,P,Assessment length
Social Media (New),https://www.shl.com/solutions/products/product-catalog/view/social-media-new/,No,No,K,Assessment length
Software Business Analysis,https://www.shl.com/solutions/products/product-catalog/view/software-business-analysis/,No,No,K,Assessment length
SonarQube (New),https://www.shl.com/solutions/products/product-catalog/view/sonarqube-new/,No,No,K,Assessment length
Spelling (U.S.) (New),https://www.shl.com/solutions/products/product-catalog/view/spelling-u-s-new/,No,No,K,Assessment length
Split Screen Typing Test - Form 1,https://www.shl.com/solutions/products/product-catalog/view/split-screen-typing-test-form-1/,No,No,"A
K",Assessment length
Spring (New),https://www.shl.com/solutions/products/product-catalog/view/spring-new/,No,No,K,Assessment length
SQL (New),https://www.shl.com/solutions/products/product-catalog/view/sql-new/,No,No,K,Assessment length
SQL Server (New),https://www.shl.com/solutions/products/product-catalog/view/sql-server-new/,No,No,K,Assessment length
SQL Server Analysis Services (SSAS) (New),https://www.shl.com/solutions/products/product-catalog/view/sql-server-analysis-services-%28ssas%29-%28new%29/,No,No,K,Assessment length
SQL Server Integration Services (SSIS) (New),https://www.shl.com/solutions/products/product-catalog/view/sql-server-integration-services-ssis-new/,No,No,K,Assessment length
SQL Server Reporting Services (SSRS) (New),https://www.shl.com/solutions/products/product-catalog/view/sql-server-reporting-services-ssrs-new/,No,No,K,Assessment length
Statistical Analysis System (New),https://www.shl.com/solutions/products/product-catalog/view/statistical-analysis-system-new/,No,No,K,Assessment length
Struts (New),https://www.shl.com/solutions/products/product-catalog/view/struts-new/,No,No,K,Assessment length
SVAR - Spoken English (AUS),https://www.shl.com/solutions/products/product-catalog/view/svar-spoken-english-aus/,No,No,S,Assessment length
SVAR - Spoken English (Indian Accent)  (New),https://www.shl.com/solutions/products/product-catalog/view/svar-spoken-english-indian-accent-new/,No,No,S,Assessment length
SVAR - Spoken English (U.K.),https://www.shl.com/solutions/products/product-catalog/view/svar-spoken-english-u-k/,No,No,S,Assessment length
SVAR - Spoken English (US)  (New),https://www.shl.com/solutions/products/product-catalog/view/svar-spoken-english-us-new/,No,No,S,Assessment length
SVAR - Spoken French (Canadian) (New),https://www.shl.com/solutions/products/product-catalog/view/svar-spoken-french-canadian-new/,No,No,S,Assessment length
SVAR - Spoken French (European) (New),https://www.shl.com/solutions/products/product-catalog/view/svar-spoken-french-european-new/,No,No,S,Assessment length
SVAR - Spoken Spanish (Castilian) (New),https://www.shl.com/solutions/products/product-catalog/view/svar-spoken-spanish-castilian-new/,No,No,S,Assessment length
SVAR - Spoken Spanish (North American) (New),https://www.shl.com/solutions/products/product-catalog/view/svar-spoken-spanish-north-american-new/,No,No,S,Assessment length
Swing (New),https://www.shl.com/solutions/products/product-catalog/view/swing-new/,No,No,K,Assessment length
Tableau (New),https://www.shl.com/solutions/products/product-catalog/view/tableau-new/,No,No,K,Assessment length
Telecommunications Engineering (New),https://www.shl.com/solutions/products/product-catalog/view/telecommunications-engineering-new/,No,No,K,Assessment length
Teradata Development (New),https://www.shl.com/solutions/products/product-catalog/view/teradata-development-new/,No,No,K,Assessment length
Time Management (U.S.),https://www.shl.com/solutions/products/product-catalog/view/time-management-u-s/,No,No,K,Assessment length
Training Development,https://www.shl.com/solutions/products/product-catalog/view/training-development/,No,No,K,Assessment length
Typing (New),https://www.shl.com/solutions/products/product-catalog/view/typing-new/,No,No,S,Assessment length
UiPath RPA Development (New),https://www.shl.com/solutions/products/product-catalog/view/uipath-rpa-development-new/,No,No,K,Assessment length
Universal Competency Framework Interview Guide,https://www.shl.com/solutions/products/product-catalog/view/universal-competency-framework-interview-guide/,No,No,"C
P",
Universal Competency Framework Job profiling guide,https://www.shl.com/solutions/products/product-catalog/view/universal-competency-framework-job-profiling-guide/,No,No,"C
P",Assessment length
Universal Competency Framework Profiler Cards (44),https://www.shl.com/solutions/products/product-catalog/view/universal-competency-framework-profiler-cards-44/,No,No,"C
P",Assessment length
UNIX (New),https://www.shl.com/solutions/products/product-catalog/view/unix-new/,No,No,K,Assessment length
VB.NET (New),https://www.shl.com/solutions/products/product-catalog/view/vb-net-new/,No,No,K,Assessment length
Verify - Deductive Reasoning,https://www.shl.com/solutions/products/product-catalog/view/verify-deductive-reasoning/,No,No,A,Assessment length
Verify - Following Instructions,https://www.shl.com/solutions/products/product-catalog/view/verify-following-instructions/,No,No,A,Assessment length
Verify - G+,https://www.shl.com/solutions/products/product-catalog/view/verify-g/,No,No,A,Assessment length
Verify - General Ability Screen,https://www.shl.com/solutions/products/product-catalog/view/verify-general-ability-screen/,No,No,A,Assessment length
Verify - Inductive Reasoning (2014),https://www.shl.com/solutions/products/product-catalog/view/verify-inductive-reasoning-2014/,No,No,A,Assessment length
Verify - Numerical Ability,https://www.shl.com/solutions/products/product-catalog/view/verify-numerical-ability/,No,No,A,Assessment length
Verify - Technical Checking - Next Generation,https://www.shl.com/solutions/products/product-catalog/view/verify-technical-checking-next-generation/,No,No,A,Assessment length
Verify - Verbal Ability - Next Generation,https://www.shl.com/solutions/products/product-catalog/view/verify-verbal-ability-next-generation/,No,No,A,Assessment length
Verify - Working with Information,https://www.shl.com/solutions/products/product-catalog/view/verify-working-with-information/,No,No,A,Assessment length
Verify G+ - Ability Test Report,https://www.shl.com/solutions/products/product-catalog/view/verify-g-ability-test-report/,No,No,A,
Verify G+ - Candidate Report,https://www.shl.com/solutions/products/product-catalog/view/verify-g-candidate-report/,No,No,A,
Verify Interactive Ability Report,https://www.shl.com/solutions/products/product-catalog/view/verify-interactive-ability-report/,No,No,A,
Verify Interactive G+ Candidate Report,https://www.shl.com/solutions/products/product-catalog/view/verify-interactive-g-candidate-report/,No,No,A,
Verify Interactive G+ Report,https://www.shl.com/solutions/products/product-catalog/view/verify-interactive-g-report/,No,No,A,
Verify Interactive Process Monitoring,https://www.shl.com/solutions/products/product-catalog/view/verify-interactive-process-monitoring/,No,No,A,Assessment length
Virtual Assessment and Development Centers,https://www.shl.com/solutions/products/product-catalog/view/virtual-assessment-and-development-centers/,No,No,P,Assessment length
Visual Basic for Applications (New),https://www.shl.com/solutions/products/product-catalog/view/visual-basic-for-applications-new/,No,No,K,Assessment length
Visual Comparison - UK,https://www.shl.com/solutions/products/product-catalog/view/visual-comparison-uk/,No,No,K,Assessment length
Visual Comparison - US,https://www.shl.com/solutions/products/product-catalog/view/visual-comparison-us/,No,No,K,Assessment length
VLSI and Embedded Systems (New),https://www.shl.com/solutions/products/product-catalog/view/vlsi-and-embedded-systems-new/,No,No,K,Assessment length
What Is The Value - US,https://www.shl.com/solutions/products/product-catalog/view/what-is-the-value-us/,No,No,K,Assessment length
Workplace Administration Skills (New),https://www.shl.com/solutions/products/product-catalog/view/workplace-administration-skills-new/,No,No,K,Assessment length
Workplace Health and Safety (New),https://www.shl.com/solutions/products/product-catalog/view/workplace-health-and-safety-new/,No,No,K,Assessment length
WriteX - Email Writing (Customer Service) (New),https://www.shl.com/solutions/products/product-catalog/view/writex-email-writing-customer-service-new/,No,No,S,Assessment length
WriteX - Email Writing (Managerial) (New),https://www.shl.com/solutions/products/product-catalog/view/writex-email-writing-managerial-new/,No,No,S,Assessment length
WriteX - Email Writing (Sales) (New),https://www.shl.com/solutions/products/product-catalog/view/writex-email-writing-sales-new/,No,No,"B
S",Assessment length
Written English v1,https://www.shl.com/solutions/products/product-catalog/view/written-english-v1/,No,No,K,Assessment length
Written Spanish,https://www.shl.com/solutions/products/product-catalog/view/written-spanish/,No,No,K,Assessment length
Zabbix (New),https://www.shl.com/solutions/products/product-catalog/view/zabbix-new/,No,No,K,Assessment length
360 Digital Report,https://www.shl.com/solutions/products/product-catalog/view/360-digital-report/,No,No,D,
360° Multi-Rater Feedback System (MFS),https://www.shl.com/solutions/products/product-catalog/view/360-multi-rater-feedback-system-mfs/,No,No,"D
P",Assessment length
